"sale_date","sku","quantity"
"2026-07-12","SKU-BEV-001","4"
"2026-07-12","SKU-BEV-002","9"
"2026-07-12","SKU-BEV-004","8"
"2026-07-12","SKU-BEV-006","13"
"2026-07-12","SKU-BEV-008","7"
"2026-07-12","SKU-SNK-001","6"
"2026-07-12","SKU-SNK-003","11"
"2026-07-12","SKU-SNK-004","10"
"2026-07-12","SKU-DRY-001","15"
"2026-07-12","SKU-DRY-004","4"
"2026-07-12","SKU-DRY-008","9"
"2026-07-13","SKU-BEV-001","5"
"2026-07-13","SKU-BEV-002","10"
"2026-07-13","SKU-BEV-004","9"
"2026-07-13","SKU-BEV-007","13"
"2026-07-13","SKU-BEV-008","8"
"2026-07-13","SKU-SNK-001","7"
"2026-07-13","SKU-SNK-003","12"
"2026-07-13","SKU-SNK-004","11"
"2026-07-13","SKU-DRY-001","16"
"2026-07-13","SKU-DRY-004","5"
"2026-07-13","SKU-DRY-008","10"
"2026-07-14","SKU-BEV-001","6"
"2026-07-14","SKU-BEV-002","11"
"2026-07-14","SKU-BEV-006","15"
"2026-07-14","SKU-BEV-007","14"
"2026-07-14","SKU-BEV-008","9"
"2026-07-14","SKU-SNK-001","8"
"2026-07-14","SKU-SNK-003","13"
"2026-07-14","SKU-SNK-004","12"
"2026-07-14","SKU-DRY-001","17"
"2026-07-14","SKU-DRY-004","6"
"2026-07-14","SKU-DRY-008","11"
"2026-07-15","SKU-BEV-001","7"
"2026-07-15","SKU-BEV-004","11"
"2026-07-15","SKU-BEV-006","10"
"2026-07-15","SKU-BEV-007","15"
"2026-07-15","SKU-BEV-008","4"
"2026-07-15","SKU-SNK-001","9"
"2026-07-15","SKU-SNK-003","8"
"2026-07-15","SKU-SNK-004","13"
"2026-07-15","SKU-DRY-001","12"
"2026-07-15","SKU-DRY-004","7"
"2026-07-15","SKU-DRY-008","6"
"2026-07-16","SKU-BEV-002","7"
"2026-07-16","SKU-BEV-004","12"
"2026-07-16","SKU-BEV-006","11"
"2026-07-16","SKU-BEV-007","16"
"2026-07-16","SKU-BEV-008","5"
"2026-07-16","SKU-SNK-001","10"
"2026-07-16","SKU-SNK-003","9"
"2026-07-16","SKU-SNK-004","14"
"2026-07-16","SKU-DRY-001","13"
"2026-07-16","SKU-DRY-004","8"
"2026-07-16","SKU-DRY-008","7"
"2026-07-17","SKU-BEV-001","14"
"2026-07-17","SKU-BEV-002","13"
"2026-07-17","SKU-BEV-004","18"
"2026-07-17","SKU-BEV-006","17"
"2026-07-17","SKU-BEV-007","22"
"2026-07-17","SKU-BEV-008","11"
"2026-07-17","SKU-SNK-001","16"
"2026-07-17","SKU-SNK-003","15"
"2026-07-17","SKU-SNK-004","20"
"2026-07-17","SKU-DRY-001","19"
"2026-07-17","SKU-DRY-004","14"
"2026-07-17","SKU-DRY-008","13"
"2026-07-18","SKU-BEV-001","9"
"2026-07-18","SKU-BEV-002","14"
"2026-07-18","SKU-BEV-004","13"
"2026-07-18","SKU-BEV-006","18"
"2026-07-18","SKU-BEV-007","17"
"2026-07-18","SKU-BEV-008","12"
"2026-07-18","SKU-SNK-001","11"
"2026-07-18","SKU-SNK-003","16"
"2026-07-18","SKU-SNK-004","15"
"2026-07-18","SKU-DRY-001","20"
"2026-07-18","SKU-DRY-004","9"
"2026-07-19","SKU-BEV-001","5"
"2026-07-19","SKU-BEV-002","10"
"2026-07-19","SKU-BEV-004","9"
"2026-07-19","SKU-BEV-006","14"
"2026-07-19","SKU-BEV-007","13"
"2026-07-19","SKU-BEV-008","8"
"2026-07-19","SKU-SNK-001","7"
"2026-07-19","SKU-SNK-003","12"
"2026-07-19","SKU-SNK-004","11"
"2026-07-19","SKU-DRY-001","16"
"2026-07-19","SKU-DRY-008","10"
"2026-07-20","SKU-BEV-001","6"
"2026-07-20","SKU-BEV-002","11"
"2026-07-20","SKU-BEV-004","10"
"2026-07-20","SKU-BEV-006","15"
"2026-07-20","SKU-BEV-007","14"
"2026-07-20","SKU-BEV-008","9"
"2026-07-20","SKU-SNK-001","8"
"2026-07-20","SKU-SNK-003","13"
"2026-07-20","SKU-SNK-004","12"
"2026-07-20","SKU-DRY-004","6"
"2026-07-20","SKU-DRY-008","11"
"2026-07-21","SKU-BEV-001","7"
"2026-07-21","SKU-BEV-002","6"
"2026-07-21","SKU-BEV-004","11"
"2026-07-21","SKU-BEV-006","10"
"2026-07-21","SKU-BEV-007","15"
"2026-07-21","SKU-BEV-008","4"
"2026-07-21","SKU-SNK-001","9"
"2026-07-21","SKU-SNK-003","8"
"2026-07-21","SKU-DRY-001","12"
"2026-07-21","SKU-DRY-004","7"
"2026-07-21","SKU-DRY-008","6"
"2026-07-22","SKU-BEV-001","8"
"2026-07-22","SKU-BEV-002","7"
"2026-07-22","SKU-BEV-004","12"
"2026-07-22","SKU-BEV-006","11"
"2026-07-22","SKU-BEV-007","16"
"2026-07-22","SKU-BEV-008","5"
"2026-07-22","SKU-SNK-001","10"
"2026-07-22","SKU-SNK-004","14"
"2026-07-22","SKU-DRY-001","13"
"2026-07-22","SKU-DRY-004","8"
"2026-07-22","SKU-DRY-008","7"
"2026-07-23","SKU-BEV-001","9"
"2026-07-23","SKU-BEV-002","8"
"2026-07-23","SKU-BEV-004","13"
"2026-07-23","SKU-BEV-006","12"
"2026-07-23","SKU-BEV-007","17"
"2026-07-23","SKU-BEV-008","6"
"2026-07-23","SKU-SNK-003","10"
"2026-07-23","SKU-SNK-004","15"
"2026-07-23","SKU-DRY-001","14"
"2026-07-23","SKU-DRY-004","9"
"2026-07-23","SKU-DRY-008","8"
"2026-07-24","SKU-BEV-001","9"
"2026-07-24","SKU-BEV-002","14"
"2026-07-24","SKU-BEV-004","13"
"2026-07-24","SKU-BEV-006","18"
"2026-07-24","SKU-BEV-007","17"
"2026-07-24","SKU-SNK-001","11"
"2026-07-24","SKU-SNK-003","16"
"2026-07-24","SKU-SNK-004","15"
"2026-07-24","SKU-DRY-001","20"
"2026-07-24","SKU-DRY-004","9"
"2026-07-24","SKU-DRY-008","14"
"2026-07-25","SKU-BEV-001","10"
"2026-07-25","SKU-BEV-002","15"
"2026-07-25","SKU-BEV-004","14"
"2026-07-25","SKU-BEV-006","19"
"2026-07-25","SKU-BEV-008","13"
"2026-07-25","SKU-SNK-001","12"
"2026-07-25","SKU-SNK-003","17"
"2026-07-25","SKU-SNK-004","16"
"2026-07-25","SKU-DRY-001","21"
"2026-07-25","SKU-DRY-004","10"
"2026-07-25","SKU-DRY-008","15"
"2026-07-26","SKU-BEV-001","6"
"2026-07-26","SKU-BEV-002","11"
"2026-07-26","SKU-BEV-004","10"
"2026-07-26","SKU-BEV-007","14"
"2026-07-26","SKU-BEV-008","9"
"2026-07-26","SKU-SNK-001","8"
"2026-07-26","SKU-SNK-003","13"
"2026-07-26","SKU-SNK-004","12"
"2026-07-26","SKU-DRY-001","17"
"2026-07-26","SKU-DRY-004","6"
"2026-07-26","SKU-DRY-008","11"
"2026-07-27","SKU-BEV-001","7"
"2026-07-27","SKU-BEV-002","6"
"2026-07-27","SKU-BEV-006","10"
"2026-07-27","SKU-BEV-007","15"
"2026-07-27","SKU-BEV-008","4"
"2026-07-27","SKU-SNK-001","9"
"2026-07-27","SKU-SNK-003","8"
"2026-07-27","SKU-SNK-004","13"
"2026-07-27","SKU-DRY-001","12"
"2026-07-27","SKU-DRY-004","7"
"2026-07-27","SKU-DRY-008","6"
"2026-07-28","SKU-BEV-001","8"
"2026-07-28","SKU-BEV-004","12"
"2026-07-28","SKU-BEV-006","11"
"2026-07-28","SKU-BEV-007","16"
"2026-07-28","SKU-BEV-008","5"
"2026-07-28","SKU-SNK-001","10"
"2026-07-28","SKU-SNK-003","9"
"2026-07-28","SKU-SNK-004","14"
"2026-07-28","SKU-DRY-001","13"
"2026-07-28","SKU-DRY-004","8"
"2026-07-28","SKU-DRY-008","7"
"2026-07-29","SKU-BEV-002","8"
"2026-07-29","SKU-BEV-004","13"
"2026-07-29","SKU-BEV-006","12"
"2026-07-29","SKU-BEV-007","17"
"2026-07-29","SKU-BEV-008","6"
"2026-07-29","SKU-SNK-001","11"
"2026-07-29","SKU-SNK-003","10"
"2026-07-29","SKU-SNK-004","15"
"2026-07-29","SKU-DRY-001","14"
"2026-07-29","SKU-DRY-004","9"
"2026-07-29","SKU-DRY-008","8"
"2026-07-30","SKU-BEV-001","4"
"2026-07-30","SKU-BEV-002","9"
"2026-07-30","SKU-BEV-004","8"
"2026-07-30","SKU-BEV-006","13"
"2026-07-30","SKU-BEV-007","12"
"2026-07-30","SKU-BEV-008","7"
"2026-07-30","SKU-SNK-001","6"
"2026-07-30","SKU-SNK-003","11"
"2026-07-30","SKU-SNK-004","10"
"2026-07-30","SKU-DRY-001","15"
"2026-07-30","SKU-DRY-004","4"
"2026-07-30","SKU-DRY-008","9"
"2026-07-31","SKU-BEV-001","10"
"2026-07-31","SKU-BEV-002","15"
"2026-07-31","SKU-BEV-004","14"
"2026-07-31","SKU-BEV-006","19"
"2026-07-31","SKU-BEV-007","18"
"2026-07-31","SKU-BEV-008","13"
"2026-07-31","SKU-SNK-001","12"
"2026-07-31","SKU-SNK-003","17"
"2026-07-31","SKU-SNK-004","16"
"2026-07-31","SKU-DRY-001","21"
"2026-07-31","SKU-DRY-004","10"
"2026-08-01","SKU-BEV-001","11"
"2026-08-01","SKU-BEV-002","16"
"2026-08-01","SKU-BEV-004","15"
"2026-08-01","SKU-BEV-006","20"
"2026-08-01","SKU-BEV-007","19"
"2026-08-01","SKU-BEV-008","14"
"2026-08-01","SKU-SNK-001","13"
"2026-08-01","SKU-SNK-003","18"
"2026-08-01","SKU-SNK-004","17"
"2026-08-01","SKU-DRY-001","22"
"2026-08-01","SKU-DRY-008","16"
"2026-08-02","SKU-BEV-001","7"
"2026-08-02","SKU-BEV-002","6"
"2026-08-02","SKU-BEV-004","11"
"2026-08-02","SKU-BEV-006","10"
"2026-08-02","SKU-BEV-007","15"
"2026-08-02","SKU-BEV-008","4"
"2026-08-02","SKU-SNK-001","9"
"2026-08-02","SKU-SNK-003","8"
"2026-08-02","SKU-SNK-004","13"
"2026-08-02","SKU-DRY-004","7"
"2026-08-02","SKU-DRY-008","6"
"2026-08-03","SKU-BEV-001","8"
"2026-08-03","SKU-BEV-002","7"
"2026-08-03","SKU-BEV-004","12"
"2026-08-03","SKU-BEV-006","11"
"2026-08-03","SKU-BEV-007","16"
"2026-08-03","SKU-BEV-008","5"
"2026-08-03","SKU-SNK-001","10"
"2026-08-03","SKU-SNK-003","9"
"2026-08-03","SKU-DRY-001","13"
"2026-08-03","SKU-DRY-004","8"
"2026-08-03","SKU-DRY-008","7"
"2026-08-04","SKU-BEV-001","9"
"2026-08-04","SKU-BEV-002","8"
"2026-08-04","SKU-BEV-004","13"
"2026-08-04","SKU-BEV-006","12"
"2026-08-04","SKU-BEV-007","17"
"2026-08-04","SKU-BEV-008","6"
"2026-08-04","SKU-SNK-001","11"
"2026-08-04","SKU-SNK-004","15"
"2026-08-04","SKU-DRY-001","14"
"2026-08-04","SKU-DRY-004","9"
"2026-08-04","SKU-DRY-008","8"
"2026-08-05","SKU-BEV-001","4"
"2026-08-05","SKU-BEV-002","9"
"2026-08-05","SKU-BEV-004","8"
"2026-08-05","SKU-BEV-006","13"
"2026-08-05","SKU-BEV-007","12"
"2026-08-05","SKU-BEV-008","7"
"2026-08-05","SKU-SNK-003","11"
"2026-08-05","SKU-SNK-004","10"
"2026-08-05","SKU-DRY-001","15"
"2026-08-05","SKU-DRY-004","4"
"2026-08-05","SKU-DRY-008","9"
"2026-08-06","SKU-BEV-001","5"
"2026-08-06","SKU-BEV-002","10"
"2026-08-06","SKU-BEV-004","9"
"2026-08-06","SKU-BEV-006","14"
"2026-08-06","SKU-BEV-007","13"
"2026-08-06","SKU-SNK-001","7"
"2026-08-06","SKU-SNK-003","12"
"2026-08-06","SKU-SNK-004","11"
"2026-08-06","SKU-DRY-001","16"
"2026-08-06","SKU-DRY-004","5"
"2026-08-06","SKU-DRY-008","10"
"2026-08-07","SKU-BEV-001","11"
"2026-08-07","SKU-BEV-002","16"
"2026-08-07","SKU-BEV-004","15"
"2026-08-07","SKU-BEV-006","20"
"2026-08-07","SKU-BEV-008","14"
"2026-08-07","SKU-SNK-001","13"
"2026-08-07","SKU-SNK-003","18"
"2026-08-07","SKU-SNK-004","17"
"2026-08-07","SKU-DRY-001","22"
"2026-08-07","SKU-DRY-004","11"
"2026-08-07","SKU-DRY-008","16"
"2026-08-08","SKU-BEV-001","12"
"2026-08-08","SKU-BEV-002","11"
"2026-08-08","SKU-BEV-004","16"
"2026-08-08","SKU-BEV-007","20"
"2026-08-08","SKU-BEV-008","9"
"2026-08-08","SKU-SNK-001","14"
"2026-08-08","SKU-SNK-003","13"
"2026-08-08","SKU-SNK-004","18"
"2026-08-08","SKU-DRY-001","17"
"2026-08-08","SKU-DRY-004","12"
"2026-08-08","SKU-DRY-008","11"
"2026-08-09","SKU-BEV-001","8"
"2026-08-09","SKU-BEV-002","7"
"2026-08-09","SKU-BEV-006","11"
"2026-08-09","SKU-BEV-007","16"
"2026-08-09","SKU-BEV-008","5"
"2026-08-09","SKU-SNK-001","10"
"2026-08-09","SKU-SNK-003","9"
"2026-08-09","SKU-SNK-004","14"
"2026-08-09","SKU-DRY-001","13"
"2026-08-09","SKU-DRY-004","8"
"2026-08-09","SKU-DRY-008","7"
"2026-08-10","SKU-BEV-001","9"
"2026-08-10","SKU-BEV-004","13"
"2026-08-10","SKU-BEV-006","12"
"2026-08-10","SKU-BEV-007","17"
"2026-08-10","SKU-BEV-008","6"
"2026-08-10","SKU-SNK-001","11"
"2026-08-10","SKU-SNK-003","10"
"2026-08-10","SKU-SNK-004","15"
"2026-08-10","SKU-DRY-001","14"
"2026-08-10","SKU-DRY-004","9"
"2026-08-10","SKU-DRY-008","8"
"2026-08-11","SKU-BEV-002","10"
"2026-08-11","SKU-BEV-004","9"
"2026-08-11","SKU-BEV-006","14"
"2026-08-11","SKU-BEV-007","13"
"2026-08-11","SKU-BEV-008","8"
"2026-08-11","SKU-SNK-001","7"
"2026-08-11","SKU-SNK-003","12"
"2026-08-11","SKU-SNK-004","11"
"2026-08-11","SKU-DRY-001","16"
"2026-08-11","SKU-DRY-004","5"
"2026-08-11","SKU-DRY-008","10"
"2026-08-12","SKU-BEV-001","6"
"2026-08-12","SKU-BEV-002","11"
"2026-08-12","SKU-BEV-004","10"
"2026-08-12","SKU-BEV-006","15"
"2026-08-12","SKU-BEV-007","14"
"2026-08-12","SKU-BEV-008","9"
"2026-08-12","SKU-SNK-001","8"
"2026-08-12","SKU-SNK-003","13"
"2026-08-12","SKU-SNK-004","12"
"2026-08-12","SKU-DRY-001","17"
"2026-08-12","SKU-DRY-004","6"
"2026-08-12","SKU-DRY-008","11"
"2026-08-13","SKU-BEV-001","7"
"2026-08-13","SKU-BEV-002","12"
"2026-08-13","SKU-BEV-004","11"
"2026-08-13","SKU-BEV-006","16"
"2026-08-13","SKU-BEV-007","15"
"2026-08-13","SKU-BEV-008","10"
"2026-08-13","SKU-SNK-001","9"
"2026-08-13","SKU-SNK-003","14"
"2026-08-13","SKU-SNK-004","13"
"2026-08-13","SKU-DRY-001","18"
"2026-08-13","SKU-DRY-004","7"
"2026-08-14","SKU-BEV-001","13"
"2026-08-14","SKU-BEV-002","12"
"2026-08-14","SKU-BEV-004","17"
"2026-08-14","SKU-BEV-006","16"
"2026-08-14","SKU-BEV-007","21"
"2026-08-14","SKU-BEV-008","10"
"2026-08-14","SKU-SNK-001","15"
"2026-08-14","SKU-SNK-003","14"
"2026-08-14","SKU-SNK-004","19"
"2026-08-14","SKU-DRY-001","18"
"2026-08-14","SKU-DRY-008","12"
"2026-08-15","SKU-BEV-001","14"
"2026-08-15","SKU-BEV-002","13"
"2026-08-15","SKU-BEV-004","18"
"2026-08-15","SKU-BEV-006","17"
"2026-08-15","SKU-BEV-007","22"
"2026-08-15","SKU-BEV-008","11"
"2026-08-15","SKU-SNK-001","16"
"2026-08-15","SKU-SNK-003","15"
"2026-08-15","SKU-SNK-004","20"
"2026-08-15","SKU-DRY-004","14"
"2026-08-15","SKU-DRY-008","13"
"2026-08-16","SKU-BEV-001","10"
"2026-08-16","SKU-BEV-002","9"
"2026-08-16","SKU-BEV-004","14"
"2026-08-16","SKU-BEV-006","13"
"2026-08-16","SKU-BEV-007","18"
"2026-08-16","SKU-BEV-008","7"
"2026-08-16","SKU-SNK-001","12"
"2026-08-16","SKU-SNK-003","11"
"2026-08-16","SKU-DRY-001","15"
"2026-08-16","SKU-DRY-004","10"
"2026-08-16","SKU-DRY-008","9"
"2026-08-17","SKU-BEV-001","5"
"2026-08-17","SKU-BEV-002","10"
"2026-08-17","SKU-BEV-004","9"
"2026-08-17","SKU-BEV-006","14"
"2026-08-17","SKU-BEV-007","13"
"2026-08-17","SKU-BEV-008","8"
"2026-08-17","SKU-SNK-001","7"
"2026-08-17","SKU-SNK-004","11"
"2026-08-17","SKU-DRY-001","16"
"2026-08-17","SKU-DRY-004","5"
"2026-08-17","SKU-DRY-008","10"
"2026-08-18","SKU-BEV-001","6"
"2026-08-18","SKU-BEV-002","11"
"2026-08-18","SKU-BEV-004","10"
"2026-08-18","SKU-BEV-006","15"
"2026-08-18","SKU-BEV-007","14"
"2026-08-18","SKU-BEV-008","9"
"2026-08-18","SKU-SNK-003","13"
"2026-08-18","SKU-SNK-004","12"
"2026-08-18","SKU-DRY-001","17"
"2026-08-18","SKU-DRY-004","6"
"2026-08-18","SKU-DRY-008","11"
"2026-08-19","SKU-BEV-001","7"
"2026-08-19","SKU-BEV-002","12"
"2026-08-19","SKU-BEV-004","11"
"2026-08-19","SKU-BEV-006","16"
"2026-08-19","SKU-BEV-007","15"
"2026-08-19","SKU-SNK-001","9"
"2026-08-19","SKU-SNK-003","14"
"2026-08-19","SKU-SNK-004","13"
"2026-08-19","SKU-DRY-001","18"
"2026-08-19","SKU-DRY-004","7"
"2026-08-19","SKU-DRY-008","12"
"2026-08-20","SKU-BEV-001","8"
"2026-08-20","SKU-BEV-002","7"
"2026-08-20","SKU-BEV-004","12"
"2026-08-20","SKU-BEV-006","11"
"2026-08-20","SKU-BEV-008","5"
"2026-08-20","SKU-SNK-001","10"
"2026-08-20","SKU-SNK-003","9"
"2026-08-20","SKU-SNK-004","14"
"2026-08-20","SKU-DRY-001","13"
"2026-08-20","SKU-DRY-004","8"
"2026-08-20","SKU-DRY-008","7"
"2026-08-21","SKU-BEV-001","14"
"2026-08-21","SKU-BEV-002","13"
"2026-08-21","SKU-BEV-004","18"
"2026-08-21","SKU-BEV-007","22"
"2026-08-21","SKU-BEV-008","11"
"2026-08-21","SKU-SNK-001","16"
"2026-08-21","SKU-SNK-003","15"
"2026-08-21","SKU-SNK-004","20"
"2026-08-21","SKU-DRY-001","19"
"2026-08-21","SKU-DRY-004","14"
"2026-08-21","SKU-DRY-008","13"
"2026-08-22","SKU-BEV-001","15"
"2026-08-22","SKU-BEV-002","14"
"2026-08-22","SKU-BEV-006","18"
"2026-08-22","SKU-BEV-007","23"
"2026-08-22","SKU-BEV-008","12"
"2026-08-22","SKU-SNK-001","17"
"2026-08-22","SKU-SNK-003","16"
"2026-08-22","SKU-SNK-004","21"
"2026-08-22","SKU-DRY-001","20"
"2026-08-22","SKU-DRY-004","15"
"2026-08-22","SKU-DRY-008","14"
"2026-08-23","SKU-BEV-001","5"
"2026-08-23","SKU-BEV-004","9"
"2026-08-23","SKU-BEV-006","14"
"2026-08-23","SKU-BEV-007","13"
"2026-08-23","SKU-BEV-008","8"
"2026-08-23","SKU-SNK-001","7"
"2026-08-23","SKU-SNK-003","12"
"2026-08-23","SKU-SNK-004","11"
"2026-08-23","SKU-DRY-001","16"
"2026-08-23","SKU-DRY-004","5"
"2026-08-23","SKU-DRY-008","10"
"2026-08-24","SKU-BEV-002","11"
"2026-08-24","SKU-BEV-004","10"
"2026-08-24","SKU-BEV-006","15"
"2026-08-24","SKU-BEV-007","14"
"2026-08-24","SKU-BEV-008","9"
"2026-08-24","SKU-SNK-001","8"
"2026-08-24","SKU-SNK-003","13"
"2026-08-24","SKU-SNK-004","12"
"2026-08-24","SKU-DRY-001","17"
"2026-08-24","SKU-DRY-004","6"
"2026-08-24","SKU-DRY-008","11"
"2026-08-25","SKU-BEV-001","7"
"2026-08-25","SKU-BEV-002","12"
"2026-08-25","SKU-BEV-004","11"
"2026-08-25","SKU-BEV-006","16"
"2026-08-25","SKU-BEV-007","15"
"2026-08-25","SKU-BEV-008","10"
"2026-08-25","SKU-SNK-001","9"
"2026-08-25","SKU-SNK-003","14"
"2026-08-25","SKU-SNK-004","13"
"2026-08-25","SKU-DRY-001","18"
"2026-08-25","SKU-DRY-004","7"
"2026-08-25","SKU-DRY-008","12"
"2026-08-26","SKU-BEV-001","8"
"2026-08-26","SKU-BEV-002","7"
"2026-08-26","SKU-BEV-004","12"
"2026-08-26","SKU-BEV-006","11"
"2026-08-26","SKU-BEV-007","16"
"2026-08-26","SKU-BEV-008","5"
"2026-08-26","SKU-SNK-001","10"
"2026-08-26","SKU-SNK-003","9"
"2026-08-26","SKU-SNK-004","14"
"2026-08-26","SKU-DRY-001","13"
"2026-08-26","SKU-DRY-004","8"
"2026-08-27","SKU-BEV-001","9"
"2026-08-27","SKU-BEV-002","8"
"2026-08-27","SKU-BEV-004","13"
"2026-08-27","SKU-BEV-006","12"
"2026-08-27","SKU-BEV-007","17"
"2026-08-27","SKU-BEV-008","6"
"2026-08-27","SKU-SNK-001","11"
"2026-08-27","SKU-SNK-003","10"
"2026-08-27","SKU-SNK-004","15"
"2026-08-27","SKU-DRY-001","14"
"2026-08-27","SKU-DRY-008","8"
"2026-08-28","SKU-BEV-001","15"
"2026-08-28","SKU-BEV-002","14"
"2026-08-28","SKU-BEV-004","19"
"2026-08-28","SKU-BEV-006","18"
"2026-08-28","SKU-BEV-007","23"
"2026-08-28","SKU-BEV-008","12"
"2026-08-28","SKU-SNK-001","17"
"2026-08-28","SKU-SNK-003","16"
"2026-08-28","SKU-SNK-004","21"
"2026-08-28","SKU-DRY-004","15"
"2026-08-28","SKU-DRY-008","14"
"2026-08-29","SKU-BEV-001","10"
"2026-08-29","SKU-BEV-002","15"
"2026-08-29","SKU-BEV-004","14"
"2026-08-29","SKU-BEV-006","19"
"2026-08-29","SKU-BEV-007","18"
"2026-08-29","SKU-BEV-008","13"
"2026-08-29","SKU-SNK-001","12"
"2026-08-29","SKU-SNK-003","17"
"2026-08-29","SKU-DRY-001","21"
"2026-08-29","SKU-DRY-004","10"
"2026-08-29","SKU-DRY-008","15"
"2026-08-30","SKU-BEV-001","6"
"2026-08-30","SKU-BEV-002","11"
"2026-08-30","SKU-BEV-004","10"
"2026-08-30","SKU-BEV-006","15"
"2026-08-30","SKU-BEV-007","14"
"2026-08-30","SKU-BEV-008","9"
"2026-08-30","SKU-SNK-001","8"
"2026-08-30","SKU-SNK-004","12"
"2026-08-30","SKU-DRY-001","17"
"2026-08-30","SKU-DRY-004","6"
"2026-08-30","SKU-DRY-008","11"
"2026-08-31","SKU-BEV-001","7"
"2026-08-31","SKU-BEV-002","12"
"2026-08-31","SKU-BEV-004","11"
"2026-08-31","SKU-BEV-006","16"
"2026-08-31","SKU-BEV-007","15"
"2026-08-31","SKU-BEV-008","10"
"2026-08-31","SKU-SNK-003","14"
"2026-08-31","SKU-SNK-004","13"
"2026-08-31","SKU-DRY-001","18"
"2026-08-31","SKU-DRY-004","7"
"2026-08-31","SKU-DRY-008","12"
"2026-09-01","SKU-BEV-001","8"
"2026-09-01","SKU-BEV-002","7"
"2026-09-01","SKU-BEV-004","12"
"2026-09-01","SKU-BEV-006","11"
"2026-09-01","SKU-BEV-007","16"
"2026-09-01","SKU-SNK-001","10"
"2026-09-01","SKU-SNK-003","9"
"2026-09-01","SKU-SNK-004","14"
"2026-09-01","SKU-DRY-001","13"
"2026-09-01","SKU-DRY-004","8"
"2026-09-01","SKU-DRY-008","7"
"2026-09-02","SKU-BEV-001","9"
"2026-09-02","SKU-BEV-002","8"
"2026-09-02","SKU-BEV-004","13"
"2026-09-02","SKU-BEV-006","12"
"2026-09-02","SKU-BEV-008","6"
"2026-09-02","SKU-SNK-001","11"
"2026-09-02","SKU-SNK-003","10"
"2026-09-02","SKU-SNK-004","15"
"2026-09-02","SKU-DRY-001","14"
"2026-09-02","SKU-DRY-004","9"
"2026-09-02","SKU-DRY-008","8"
"2026-09-03","SKU-BEV-001","10"
"2026-09-03","SKU-BEV-002","9"
"2026-09-03","SKU-BEV-004","14"
"2026-09-03","SKU-BEV-007","18"
"2026-09-03","SKU-BEV-008","7"
"2026-09-03","SKU-SNK-001","12"
"2026-09-03","SKU-SNK-003","11"
"2026-09-03","SKU-SNK-004","16"
"2026-09-03","SKU-DRY-001","15"
"2026-09-03","SKU-DRY-004","10"
"2026-09-03","SKU-DRY-008","9"
"2026-09-04","SKU-BEV-001","10"
"2026-09-04","SKU-BEV-002","15"
"2026-09-04","SKU-BEV-006","19"
"2026-09-04","SKU-BEV-007","18"
"2026-09-04","SKU-BEV-008","13"
"2026-09-04","SKU-SNK-001","12"
"2026-09-04","SKU-SNK-003","17"
"2026-09-04","SKU-SNK-004","16"
"2026-09-04","SKU-DRY-001","21"
"2026-09-04","SKU-DRY-004","10"
"2026-09-04","SKU-DRY-008","15"
"2026-09-05","SKU-BEV-001","11"
"2026-09-05","SKU-BEV-004","15"
"2026-09-05","SKU-BEV-006","20"
"2026-09-05","SKU-BEV-007","19"
"2026-09-05","SKU-BEV-008","14"
"2026-09-05","SKU-SNK-001","13"
"2026-09-05","SKU-SNK-003","18"
"2026-09-05","SKU-SNK-004","17"
"2026-09-05","SKU-DRY-001","22"
"2026-09-05","SKU-DRY-004","11"
"2026-09-05","SKU-DRY-008","16"
"2026-09-06","SKU-BEV-002","12"
"2026-09-06","SKU-BEV-004","11"
"2026-09-06","SKU-BEV-006","16"
"2026-09-06","SKU-BEV-007","15"
"2026-09-06","SKU-BEV-008","10"
"2026-09-06","SKU-SNK-001","9"
"2026-09-06","SKU-SNK-003","14"
"2026-09-06","SKU-SNK-004","13"
"2026-09-06","SKU-DRY-001","18"
"2026-09-06","SKU-DRY-004","7"
"2026-09-06","SKU-DRY-008","12"
"2026-09-07","SKU-BEV-001","8"
"2026-09-07","SKU-BEV-002","7"
"2026-09-07","SKU-BEV-004","12"
"2026-09-07","SKU-BEV-006","11"
"2026-09-07","SKU-BEV-007","16"
"2026-09-07","SKU-BEV-008","5"
"2026-09-07","SKU-SNK-001","10"
"2026-09-07","SKU-SNK-003","9"
"2026-09-07","SKU-SNK-004","14"
"2026-09-07","SKU-DRY-001","13"
"2026-09-07","SKU-DRY-004","8"
"2026-09-07","SKU-DRY-008","7"
"2026-09-08","SKU-BEV-001","9"
"2026-09-08","SKU-BEV-002","8"
"2026-09-08","SKU-BEV-004","13"
"2026-09-08","SKU-BEV-006","12"
"2026-09-08","SKU-BEV-007","17"
"2026-09-08","SKU-BEV-008","6"
"2026-09-08","SKU-SNK-001","11"
"2026-09-08","SKU-SNK-003","10"
"2026-09-08","SKU-SNK-004","15"
"2026-09-08","SKU-DRY-001","14"
"2026-09-08","SKU-DRY-004","9"
"2026-09-09","SKU-BEV-001","10"
"2026-09-09","SKU-BEV-002","9"
"2026-09-09","SKU-BEV-004","14"
"2026-09-09","SKU-BEV-006","13"
"2026-09-09","SKU-BEV-007","18"
"2026-09-09","SKU-BEV-008","7"
"2026-09-09","SKU-SNK-001","12"
"2026-09-09","SKU-SNK-003","11"
"2026-09-09","SKU-SNK-004","16"
"2026-09-09","SKU-DRY-001","15"
"2026-09-09","SKU-DRY-008","9"
"2026-09-10","SKU-BEV-001","6"
"2026-09-10","SKU-BEV-002","11"
"2026-09-10","SKU-BEV-004","10"
"2026-09-10","SKU-BEV-006","15"
"2026-09-10","SKU-BEV-007","14"
"2026-09-10","SKU-BEV-008","9"
"2026-09-10","SKU-SNK-001","8"
"2026-09-10","SKU-SNK-003","13"
"2026-09-10","SKU-SNK-004","12"
"2026-09-10","SKU-DRY-004","6"
"2026-09-10","SKU-DRY-008","11"
"2026-09-11","SKU-BEV-001","12"
"2026-09-11","SKU-BEV-002","17"
"2026-09-11","SKU-BEV-004","16"
"2026-09-11","SKU-BEV-006","21"
"2026-09-11","SKU-BEV-007","20"
"2026-09-11","SKU-BEV-008","15"
"2026-09-11","SKU-SNK-001","14"
"2026-09-11","SKU-SNK-003","19"
"2026-09-11","SKU-DRY-001","23"
"2026-09-11","SKU-DRY-004","12"
"2026-09-11","SKU-DRY-008","17"
"2026-09-12","SKU-BEV-001","13"
"2026-09-12","SKU-BEV-002","18"
"2026-09-12","SKU-BEV-004","17"
"2026-09-12","SKU-BEV-006","22"
"2026-09-12","SKU-BEV-007","21"
"2026-09-12","SKU-BEV-008","16"
"2026-09-12","SKU-SNK-001","15"
"2026-09-12","SKU-SNK-004","19"
"2026-09-12","SKU-DRY-001","24"
"2026-09-12","SKU-DRY-004","13"
"2026-09-12","SKU-DRY-008","18"
"2026-09-13","SKU-BEV-001","9"
"2026-09-13","SKU-BEV-002","8"
"2026-09-13","SKU-BEV-004","13"
"2026-09-13","SKU-BEV-006","12"
"2026-09-13","SKU-BEV-007","17"
"2026-09-13","SKU-BEV-008","6"
"2026-09-13","SKU-SNK-003","10"
"2026-09-13","SKU-SNK-004","15"
"2026-09-13","SKU-DRY-001","14"
"2026-09-13","SKU-DRY-004","9"
"2026-09-13","SKU-DRY-008","8"
"2026-09-14","SKU-BEV-001","10"
"2026-09-14","SKU-BEV-002","9"
"2026-09-14","SKU-BEV-004","14"
"2026-09-14","SKU-BEV-006","13"
"2026-09-14","SKU-BEV-007","18"
"2026-09-14","SKU-SNK-001","12"
"2026-09-14","SKU-SNK-003","11"
"2026-09-14","SKU-SNK-004","16"
"2026-09-14","SKU-DRY-001","15"
"2026-09-14","SKU-DRY-004","10"
"2026-09-14","SKU-DRY-008","9"
"2026-09-15","SKU-BEV-001","11"
"2026-09-15","SKU-BEV-002","10"
"2026-09-15","SKU-BEV-004","15"
"2026-09-15","SKU-BEV-006","14"
"2026-09-15","SKU-BEV-008","8"
"2026-09-15","SKU-SNK-001","13"
"2026-09-15","SKU-SNK-003","12"
"2026-09-15","SKU-SNK-004","17"
"2026-09-15","SKU-DRY-001","16"
"2026-09-15","SKU-DRY-004","11"
"2026-09-15","SKU-DRY-008","10"
"2026-09-16","SKU-BEV-001","6"
"2026-09-16","SKU-BEV-002","11"
"2026-09-16","SKU-BEV-004","10"
"2026-09-16","SKU-BEV-007","14"
"2026-09-16","SKU-BEV-008","9"
"2026-09-16","SKU-SNK-001","8"
"2026-09-16","SKU-SNK-003","13"
"2026-09-16","SKU-SNK-004","12"
"2026-09-16","SKU-DRY-001","17"
"2026-09-16","SKU-DRY-004","6"
"2026-09-16","SKU-DRY-008","11"
"2026-09-17","SKU-BEV-001","7"
"2026-09-17","SKU-BEV-002","12"
"2026-09-17","SKU-BEV-006","16"
"2026-09-17","SKU-BEV-007","15"
"2026-09-17","SKU-BEV-008","10"
"2026-09-17","SKU-SNK-001","9"
"2026-09-17","SKU-SNK-003","14"
"2026-09-17","SKU-SNK-004","13"
"2026-09-17","SKU-DRY-001","18"
"2026-09-17","SKU-DRY-004","7"
"2026-09-17","SKU-DRY-008","12"
"2026-09-18","SKU-BEV-001","13"
"2026-09-18","SKU-BEV-004","17"
"2026-09-18","SKU-BEV-006","22"
"2026-09-18","SKU-BEV-007","21"
"2026-09-18","SKU-BEV-008","16"
"2026-09-18","SKU-SNK-001","15"
"2026-09-18","SKU-SNK-003","20"
"2026-09-18","SKU-SNK-004","19"
"2026-09-18","SKU-DRY-001","24"
"2026-09-18","SKU-DRY-004","13"
"2026-09-18","SKU-DRY-008","18"
"2026-09-19","SKU-BEV-002","13"
"2026-09-19","SKU-BEV-004","18"
"2026-09-19","SKU-BEV-006","17"
"2026-09-19","SKU-BEV-007","22"
"2026-09-19","SKU-BEV-008","11"
"2026-09-19","SKU-SNK-001","16"
"2026-09-19","SKU-SNK-003","15"
"2026-09-19","SKU-SNK-004","20"
"2026-09-19","SKU-DRY-001","19"
"2026-09-19","SKU-DRY-004","14"
"2026-09-19","SKU-DRY-008","13"
"2026-09-20","SKU-BEV-001","10"
"2026-09-20","SKU-BEV-002","9"
"2026-09-20","SKU-BEV-004","14"
"2026-09-20","SKU-BEV-006","13"
"2026-09-20","SKU-BEV-007","18"
"2026-09-20","SKU-BEV-008","7"
"2026-09-20","SKU-SNK-001","12"
"2026-09-20","SKU-SNK-003","11"
"2026-09-20","SKU-SNK-004","16"
"2026-09-20","SKU-DRY-001","15"
"2026-09-20","SKU-DRY-004","10"
"2026-09-20","SKU-DRY-008","9"
"2026-09-21","SKU-BEV-001","11"
"2026-09-21","SKU-BEV-002","10"
"2026-09-21","SKU-BEV-004","15"
"2026-09-21","SKU-BEV-006","14"
"2026-09-21","SKU-BEV-007","19"
"2026-09-21","SKU-BEV-008","8"
"2026-09-21","SKU-SNK-001","13"
"2026-09-21","SKU-SNK-003","12"
"2026-09-21","SKU-SNK-004","17"
"2026-09-21","SKU-DRY-001","16"
"2026-09-21","SKU-DRY-004","11"
"2026-09-22","SKU-BEV-001","6"
"2026-09-22","SKU-BEV-002","11"
"2026-09-22","SKU-BEV-004","10"
"2026-09-22","SKU-BEV-006","15"
"2026-09-22","SKU-BEV-007","14"
"2026-09-22","SKU-BEV-008","9"
"2026-09-22","SKU-SNK-001","8"
"2026-09-22","SKU-SNK-003","13"
"2026-09-22","SKU-SNK-004","12"
"2026-09-22","SKU-DRY-001","17"
"2026-09-22","SKU-DRY-008","11"
"2026-09-23","SKU-BEV-001","7"
"2026-09-23","SKU-BEV-002","12"
"2026-09-23","SKU-BEV-004","11"
"2026-09-23","SKU-BEV-006","16"
"2026-09-23","SKU-BEV-007","15"
"2026-09-23","SKU-BEV-008","10"
"2026-09-23","SKU-SNK-001","9"
"2026-09-23","SKU-SNK-003","14"
"2026-09-23","SKU-SNK-004","13"
"2026-09-23","SKU-DRY-004","7"
"2026-09-23","SKU-DRY-008","12"
"2026-09-24","SKU-BEV-001","8"
"2026-09-24","SKU-BEV-002","13"
"2026-09-24","SKU-BEV-004","12"
"2026-09-24","SKU-BEV-006","17"
"2026-09-24","SKU-BEV-007","16"
"2026-09-24","SKU-BEV-008","11"
"2026-09-24","SKU-SNK-001","10"
"2026-09-24","SKU-SNK-003","15"
"2026-09-24","SKU-DRY-001","19"
"2026-09-24","SKU-DRY-004","8"
"2026-09-24","SKU-DRY-008","13"
"2026-09-25","SKU-BEV-001","14"
"2026-09-25","SKU-BEV-002","13"
"2026-09-25","SKU-BEV-004","18"
"2026-09-25","SKU-BEV-006","17"
"2026-09-25","SKU-BEV-007","22"
"2026-09-25","SKU-BEV-008","11"
"2026-09-25","SKU-SNK-001","16"
"2026-09-25","SKU-SNK-004","20"
"2026-09-25","SKU-DRY-001","19"
"2026-09-25","SKU-DRY-004","14"
"2026-09-25","SKU-DRY-008","13"
"2026-09-26","SKU-BEV-001","15"
"2026-09-26","SKU-BEV-002","14"
"2026-09-26","SKU-BEV-004","19"
"2026-09-26","SKU-BEV-006","18"
"2026-09-26","SKU-BEV-007","23"
"2026-09-26","SKU-BEV-008","12"
"2026-09-26","SKU-SNK-003","16"
"2026-09-26","SKU-SNK-004","21"
"2026-09-26","SKU-DRY-001","20"
"2026-09-26","SKU-DRY-004","15"
"2026-09-26","SKU-DRY-008","14"
"2026-09-27","SKU-BEV-001","11"
"2026-09-27","SKU-BEV-002","10"
"2026-09-27","SKU-BEV-004","15"
"2026-09-27","SKU-BEV-006","14"
"2026-09-27","SKU-BEV-007","19"
"2026-09-27","SKU-SNK-001","13"
"2026-09-27","SKU-SNK-003","12"
"2026-09-27","SKU-SNK-004","17"
"2026-09-27","SKU-DRY-001","16"
"2026-09-27","SKU-DRY-004","11"
"2026-09-27","SKU-DRY-008","10"
"2026-09-28","SKU-BEV-001","6"
"2026-09-28","SKU-BEV-002","11"
"2026-09-28","SKU-BEV-004","10"
"2026-09-28","SKU-BEV-006","15"
"2026-09-28","SKU-BEV-008","9"
"2026-09-28","SKU-SNK-001","8"
"2026-09-28","SKU-SNK-003","13"
"2026-09-28","SKU-SNK-004","12"
"2026-09-28","SKU-DRY-001","17"
"2026-09-28","SKU-DRY-004","6"
"2026-09-28","SKU-DRY-008","11"
"2026-09-29","SKU-BEV-001","7"
"2026-09-29","SKU-BEV-002","12"
"2026-09-29","SKU-BEV-004","11"
"2026-09-29","SKU-BEV-007","15"
"2026-09-29","SKU-BEV-008","10"
"2026-09-29","SKU-SNK-001","9"
"2026-09-29","SKU-SNK-003","14"
"2026-09-29","SKU-SNK-004","13"
"2026-09-29","SKU-DRY-001","18"
"2026-09-29","SKU-DRY-004","7"
"2026-09-29","SKU-DRY-008","12"
"2026-09-30","SKU-BEV-001","8"
"2026-09-30","SKU-BEV-002","13"
"2026-09-30","SKU-BEV-006","17"
"2026-09-30","SKU-BEV-007","16"
"2026-09-30","SKU-BEV-008","11"
"2026-09-30","SKU-SNK-001","10"
"2026-09-30","SKU-SNK-003","15"
"2026-09-30","SKU-SNK-004","14"
"2026-09-30","SKU-DRY-001","19"
"2026-09-30","SKU-DRY-004","8"
"2026-09-30","SKU-DRY-008","13"
"2026-10-01","SKU-BEV-001","9"
"2026-10-01","SKU-BEV-004","13"
"2026-10-01","SKU-BEV-006","12"
"2026-10-01","SKU-BEV-007","17"
"2026-10-01","SKU-BEV-008","6"
"2026-10-01","SKU-SNK-001","11"
"2026-10-01","SKU-SNK-003","10"
"2026-10-01","SKU-SNK-004","15"
"2026-10-01","SKU-DRY-001","14"
"2026-10-01","SKU-DRY-004","9"
"2026-10-01","SKU-DRY-008","8"
"2026-10-02","SKU-BEV-002","14"
"2026-10-02","SKU-BEV-004","19"
"2026-10-02","SKU-BEV-006","18"
"2026-10-02","SKU-BEV-007","23"
"2026-10-02","SKU-BEV-008","12"
"2026-10-02","SKU-SNK-001","17"
"2026-10-02","SKU-SNK-003","16"
"2026-10-02","SKU-SNK-004","21"
"2026-10-02","SKU-DRY-001","20"
"2026-10-02","SKU-DRY-004","15"
"2026-10-02","SKU-DRY-008","14"
"2026-10-03","SKU-BEV-001","16"
"2026-10-03","SKU-BEV-002","15"
"2026-10-03","SKU-BEV-004","20"
"2026-10-03","SKU-BEV-006","19"
"2026-10-03","SKU-BEV-007","24"
"2026-10-03","SKU-BEV-008","13"
"2026-10-03","SKU-SNK-001","18"
"2026-10-03","SKU-SNK-003","17"
"2026-10-03","SKU-SNK-004","22"
"2026-10-03","SKU-DRY-001","21"
"2026-10-03","SKU-DRY-004","16"
"2026-10-03","SKU-DRY-008","15"
"2026-10-04","SKU-BEV-001","6"
"2026-10-04","SKU-BEV-002","11"
"2026-10-04","SKU-BEV-004","10"
"2026-10-04","SKU-BEV-006","15"
"2026-10-04","SKU-BEV-007","14"
"2026-10-04","SKU-BEV-008","9"
"2026-10-04","SKU-SNK-001","8"
"2026-10-04","SKU-SNK-003","13"
"2026-10-04","SKU-SNK-004","12"
"2026-10-04","SKU-DRY-001","17"
"2026-10-04","SKU-DRY-004","6"
"2026-10-05","SKU-BEV-001","7"
"2026-10-05","SKU-BEV-002","12"
"2026-10-05","SKU-BEV-004","11"
"2026-10-05","SKU-BEV-006","16"
"2026-10-05","SKU-BEV-007","15"
"2026-10-05","SKU-BEV-008","10"
"2026-10-05","SKU-SNK-001","9"
"2026-10-05","SKU-SNK-003","14"
"2026-10-05","SKU-SNK-004","13"
"2026-10-05","SKU-DRY-001","18"
"2026-10-05","SKU-DRY-008","12"
"2026-10-06","SKU-BEV-001","8"
"2026-10-06","SKU-BEV-002","13"
"2026-10-06","SKU-BEV-004","12"
"2026-10-06","SKU-BEV-006","17"
"2026-10-06","SKU-BEV-007","16"
"2026-10-06","SKU-BEV-008","11"
"2026-10-06","SKU-SNK-001","10"
"2026-10-06","SKU-SNK-003","15"
"2026-10-06","SKU-SNK-004","14"
"2026-10-06","SKU-DRY-004","8"
"2026-10-06","SKU-DRY-008","13"
"2026-10-07","SKU-BEV-001","9"
"2026-10-07","SKU-BEV-002","8"
"2026-10-07","SKU-BEV-004","13"
"2026-10-07","SKU-BEV-006","12"
"2026-10-07","SKU-BEV-007","17"
"2026-10-07","SKU-BEV-008","6"
"2026-10-07","SKU-SNK-001","11"
"2026-10-07","SKU-SNK-003","10"
"2026-10-07","SKU-DRY-001","14"
"2026-10-07","SKU-DRY-004","9"
"2026-10-07","SKU-DRY-008","8"
"2026-10-08","SKU-BEV-001","10"
"2026-10-08","SKU-BEV-002","9"
"2026-10-08","SKU-BEV-004","14"
"2026-10-08","SKU-BEV-006","13"
"2026-10-08","SKU-BEV-007","18"
"2026-10-08","SKU-BEV-008","7"
"2026-10-08","SKU-SNK-001","12"
"2026-10-08","SKU-SNK-004","16"
"2026-10-08","SKU-DRY-001","15"
"2026-10-08","SKU-DRY-004","10"
"2026-10-08","SKU-DRY-008","9"
"2026-10-09","SKU-BEV-001","16"
"2026-10-09","SKU-BEV-002","15"
"2026-10-09","SKU-BEV-004","20"
"2026-10-09","SKU-BEV-006","19"
"2026-10-09","SKU-BEV-007","24"
"2026-10-09","SKU-BEV-008","13"
"2026-10-09","SKU-SNK-003","17"
"2026-10-09","SKU-SNK-004","22"
"2026-10-09","SKU-DRY-001","21"
"2026-10-09","SKU-DRY-004","16"
"2026-10-09","SKU-DRY-008","15"
